/*
SQLyog Ultimate v8.32 
MySQL - 5.7.21 : Database - myblog
*********************************************************************
*/

/*!40101 SET NAMES utf8 */;

/*!40101 SET SQL_MODE=''*/;

/*!40014 SET @OLD_UNIQUE_CHECKS=@@UNIQUE_CHECKS, UNIQUE_CHECKS=0 */;
/*!40014 SET @OLD_FOREIGN_KEY_CHECKS=@@FOREIGN_KEY_CHECKS, FOREIGN_KEY_CHECKS=0 */;
/*!40101 SET @OLD_SQL_MODE=@@SQL_MODE, SQL_MODE='NO_AUTO_VALUE_ON_ZERO' */;
/*!40111 SET @OLD_SQL_NOTES=@@SQL_NOTES, SQL_NOTES=0 */;
CREATE DATABASE /*!32312 IF NOT EXISTS*/`myblog` /*!40100 DEFAULT CHARACTER SET utf8 */;

USE `myblog`;

/*Table structure for table `attention` */

DROP TABLE IF EXISTS `attention`;

CREATE TABLE `attention` (
  `id` int(11) NOT NULL AUTO_INCREMENT COMMENT '关注表id',
  `userid` int(11) DEFAULT NULL COMMENT '用户id',
  `attent_id` int(11) DEFAULT NULL COMMENT '被关注者id',
  `state` int(11) DEFAULT NULL COMMENT '关注状态',
  `create_time` timestamp NOT NULL DEFAULT CURRENT_TIMESTAMP ON UPDATE CURRENT_TIMESTAMP COMMENT '关注创建时间',
  PRIMARY KEY (`id`)
) ENGINE=InnoDB DEFAULT CHARSET=utf8;

/*Data for the table `attention` */

/*Table structure for table `blog` */

DROP TABLE IF EXISTS `blog`;

CREATE TABLE `blog` (
  `id` int(11) NOT NULL AUTO_INCREMENT COMMENT '博文id',
  `userid` int(11) DEFAULT NULL COMMENT '作者id',
  `title` varchar(100) DEFAULT NULL COMMENT '博文标题',
  `content` text COMMENT '博文内容',
  `define_type` int(11) DEFAULT NULL COMMENT '用户自定义分类',
  `blog_type` int(11) DEFAULT NULL COMMENT '博文分类',
  `comment_num` int(11) DEFAULT NULL COMMENT '博文评论数量',
  `like_num` int(11) DEFAULT NULL COMMENT '博文喜欢（点赞）数量',
  `create_time` timestamp NOT NULL DEFAULT CURRENT_TIMESTAMP ON UPDATE CURRENT_TIMESTAMP COMMENT '博文创建时间',
  PRIMARY KEY (`id`)
) ENGINE=InnoDB AUTO_INCREMENT=34 DEFAULT CHARSET=utf8;

/*Data for the table `blog` */

insert  into `blog`(`id`,`userid`,`title`,`content`,`define_type`,`blog_type`,`comment_num`,`like_num`,`create_time`) values (1,1,'社会','                                           dfdcc地方潜在的顾客，250定律就是每个顾客其实都是潜在的250个顾客。                          第二点，在众多推销员中要让别人看到你，首先推销自己，他的办法是名片满天飞，只要跟人有接触，就给他一张名片。               三，建立顾客档案，分析顾客，了解顾客，长远打算  四，让顾客帮你推销，其实就是第一点，你做得好自然就有顾客会帮你推销出去。  五，要有自己的特点，能吸引顾客  六，售后的服务，售后才是真正的销售，不是卖了东西就算了。                                             ',3,0,16,49,'2018-09-01 15:35:32'),(2,2,'新闻','的房间里时间分量的身份的酸辣粉代理费没得商量',0,2,12,94,'2018-09-01 00:28:21'),(3,2,'新闻','的房间里时间分量的身份的酸辣粉代理费没得商量',0,2,13,57,'2018-09-01 16:10:11'),(4,2,'新闻','的房间里时间分量的身份的酸辣粉代理费没得商量',0,3,12,444,'2018-08-30 20:28:54'),(5,2,'新闻','的房间里时间分量的身份的酸辣粉代理费没得商量',0,4,12,3,'2018-08-30 20:28:57'),(6,2,'新闻','的房间里时间分量的身份的酸辣粉代理费没得商量',0,0,12,2,'2018-08-29 16:27:36'),(24,1,'0830测试发布博客-1','        这里写你的初始化内容    地方大幅度 ',1,8,NULL,4,'2018-09-01 11:33:10'),(25,0,'0830测试发布博客-2','        这里写你的初始化内容     ',3,0,NULL,0,'2018-09-01 11:33:11'),(26,1,'0830测试3','        这里写你的初始化内容地方对方答复的     ',1,1,NULL,4,'2018-09-01 16:28:37'),(27,1,'04','        这里写你的初始化内容     ',3,2,NULL,2,'2018-09-01 11:33:13'),(28,1,'323','        这里写你的初始化内容     ',3,0,NULL,0,'2018-09-01 11:33:14'),(33,1,'9-1第一篇测试','                 9-1第一篇测试9-1第一篇测试9-1第一篇测试9-1第一篇测试9-1第一篇测试9-1第一篇测试9-1第一篇测试9-1第一篇测试9-1第一篇测试9-1第一篇测试9-1第一篇测试9-1第一篇测试9-1第一篇测试9-1第一篇测试9-1第一篇测试9-1第一篇测试9-1第一篇测试9-1第一篇测试9-1第一篇测试               ',0,1,0,3,'2018-09-01 16:09:56');

/*Table structure for table `blog_type` */

DROP TABLE IF EXISTS `blog_type`;

CREATE TABLE `blog_type` (
  `id` int(11) NOT NULL AUTO_INCREMENT COMMENT '博客类别id',
  `name` varchar(50) DEFAULT NULL COMMENT '博客类别名称',
  PRIMARY KEY (`id`)
) ENGINE=InnoDB AUTO_INCREMENT=10 DEFAULT CHARSET=utf8;

/*Data for the table `blog_type` */

insert  into `blog_type`(`id`,`name`) values (1,'娱乐'),(2,'体育'),(3,'文化'),(4,'IT'),(5,'财经'),(6,'汽车'),(7,'房产'),(8,'教育'),(9,'游戏');

/*Table structure for table `city` */

DROP TABLE IF EXISTS `city`;

CREATE TABLE `city` (
  `id` varchar(20) DEFAULT NULL COMMENT '市编码',
  `NAME` varchar(50) NOT NULL COMMENT '市名称',
  `province_id` varchar(20) DEFAULT NULL COMMENT '所属省编码'
) ENGINE=InnoDB DEFAULT CHARSET=utf8;

/*Data for the table `city` */

insert  into `city`(`id`,`NAME`,`province_id`) values ('110100','市辖区','110000'),('110200','县','110000'),('120100','市辖区','120000'),('120200','县','120000'),('130100','石家庄市','130000'),('130200','唐山市','130000'),('130300','秦皇岛市','130000'),('130400','邯郸市','130000'),('130500','邢台市','130000'),('130600','保定市','130000'),('130700','张家口市','130000'),('130800','承德市','130000'),('130900','沧州市','130000'),('131000','廊坊市','130000'),('131100','衡水市','130000'),('140100','太原市','140000'),('140200','大同市','140000'),('140300','阳泉市','140000'),('140400','长治市','140000'),('140500','晋城市','140000'),('140600','朔州市','140000'),('140700','晋中市','140000'),('140800','运城市','140000'),('140900','忻州市','140000'),('141000','临汾市','140000'),('141100','吕梁市','140000'),('150100','呼和浩特市','150000'),('150200','包头市','150000'),('150300','乌海市','150000'),('150400','赤峰市','150000'),('150500','通辽市','150000'),('150600','鄂尔多斯市','150000'),('150700','呼伦贝尔市','150000'),('150800','巴彦淖尔市','150000'),('150900','乌兰察布市','150000'),('152200','兴安盟','150000'),('152500','锡林郭勒盟','150000'),('152900','阿拉善盟','150000'),('210100','沈阳市','210000'),('210200','大连市','210000'),('210300','鞍山市','210000'),('210400','抚顺市','210000'),('210500','本溪市','210000'),('210600','丹东市','210000'),('210700','锦州市','210000'),('210800','营口市','210000'),('210900','阜新市','210000'),('211000','辽阳市','210000'),('211100','盘锦市','210000'),('211200','铁岭市','210000'),('211300','朝阳市','210000'),('211400','葫芦岛市','210000'),('220100','长春市','220000'),('220200','吉林市','220000'),('220300','四平市','220000'),('220400','辽源市','220000'),('220500','通化市','220000'),('220600','白山市','220000'),('220700','松原市','220000'),('220800','白城市','220000'),('222400','延边朝鲜族自治州','220000'),('230100','哈尔滨市','230000'),('230200','齐齐哈尔市','230000'),('230300','鸡西市','230000'),('230400','鹤岗市','230000'),('230500','双鸭山市','230000'),('230600','大庆市','230000'),('230700','伊春市','230000'),('230800','佳木斯市','230000'),('230900','七台河市','230000'),('231000','牡丹江市','230000'),('231100','黑河市','230000'),('231200','绥化市','230000'),('232700','大兴安岭地区','230000'),('310100','市辖区','310000'),('310200','县','310000'),('320100','南京市','320000'),('320200','无锡市','320000'),('320300','徐州市','320000'),('320400','常州市','320000'),('320500','苏州市','320000'),('320600','南通市','320000'),('320700','连云港市','320000'),('320800','淮安市','320000'),('320900','盐城市','320000'),('321000','扬州市','320000'),('321100','镇江市','320000'),('321200','泰州市','320000'),('321300','宿迁市','320000'),('330100','杭州市','330000'),('330200','宁波市','330000'),('330300','温州市','330000'),('330400','嘉兴市','330000'),('330500','湖州市','330000'),('330600','绍兴市','330000'),('330700','金华市','330000'),('330800','衢州市','330000'),('330900','舟山市','330000'),('331000','台州市','330000'),('331100','丽水市','330000'),('340100','合肥市','340000'),('340200','芜湖市','340000'),('340300','蚌埠市','340000'),('340400','淮南市','340000'),('340500','马鞍山市','340000'),('340600','淮北市','340000'),('340700','铜陵市','340000'),('340800','安庆市','340000'),('341000','黄山市','340000'),('341100','滁州市','340000'),('341200','阜阳市','340000'),('341300','宿州市','340000'),('341400','巢湖市','340000'),('341500','六安市','340000'),('341600','亳州市','340000'),('341700','池州市','340000'),('341800','宣城市','340000'),('350100','福州市','350000'),('350200','厦门市','350000'),('350300','莆田市','350000'),('350400','三明市','350000'),('350500','泉州市','350000'),('350600','漳州市','350000'),('350700','南平市','350000'),('350800','龙岩市','350000'),('350900','宁德市','350000'),('360100','南昌市','360000'),('360200','景德镇市','360000'),('360300','萍乡市','360000'),('360400','九江市','360000'),('360500','新余市','360000'),('360600','鹰潭市','360000'),('360700','赣州市','360000'),('360800','吉安市','360000'),('360900','宜春市','360000'),('361000','抚州市','360000'),('361100','上饶市','360000'),('370100','济南市','370000'),('370200','青岛市','370000'),('370300','淄博市','370000'),('370400','枣庄市','370000'),('370500','东营市','370000'),('370600','烟台市','370000'),('370700','潍坊市','370000'),('370800','济宁市','370000'),('370900','泰安市','370000'),('371000','威海市','370000'),('371100','日照市','370000'),('371200','莱芜市','370000'),('371300','临沂市','370000'),('371400','德州市','370000'),('371500','聊城市','370000'),('371600','滨州市','370000'),('371700','荷泽市','370000'),('410100','郑州市','410000'),('410200','开封市','410000'),('410300','洛阳市','410000'),('410400','平顶山市','410000'),('410500','安阳市','410000'),('410600','鹤壁市','410000'),('410700','新乡市','410000'),('410800','焦作市','410000'),('410900','濮阳市','410000'),('411000','许昌市','410000'),('411100','漯河市','410000'),('411200','三门峡市','410000'),('411300','南阳市','410000'),('411400','商丘市','410000'),('411500','信阳市','410000'),('411600','周口市','410000'),('411700','驻马店市','410000'),('420100','武汉市','420000'),('420200','黄石市','420000'),('420300','十堰市','420000'),('420500','宜昌市','420000'),('420600','襄樊市','420000'),('420700','鄂州市','420000'),('420800','荆门市','420000'),('420900','孝感市','420000'),('421000','荆州市','420000'),('421100','黄冈市','420000'),('421200','咸宁市','420000'),('421300','随州市','420000'),('422800','恩施土家族苗族自治州','420000'),('429000','省直辖行政单位','420000'),('430100','长沙市','430000'),('430200','株洲市','430000'),('430300','湘潭市','430000'),('430400','衡阳市','430000'),('430500','邵阳市','430000'),('430600','岳阳市','430000'),('430700','常德市','430000'),('430800','张家界市','430000'),('430900','益阳市','430000'),('431000','郴州市','430000'),('431100','永州市','430000'),('431200','怀化市','430000'),('431300','娄底市','430000'),('433100','湘西土家族苗族自治州','430000'),('440100','广州市','440000'),('440200','韶关市','440000'),('440300','深圳市','440000'),('440400','珠海市','440000'),('440500','汕头市','440000'),('440600','佛山市','440000'),('440700','江门市','440000'),('440800','湛江市','440000'),('440900','茂名市','440000'),('441200','肇庆市','440000'),('441300','惠州市','440000'),('441400','梅州市','440000'),('441500','汕尾市','440000'),('441600','河源市','440000'),('441700','阳江市','440000'),('441800','清远市','440000'),('441900','东莞市','440000'),('442000','中山市','440000'),('445100','潮州市','440000'),('445200','揭阳市','440000'),('445300','云浮市','440000'),('450100','南宁市','450000'),('450200','柳州市','450000'),('450300','桂林市','450000'),('450400','梧州市','450000'),('450500','北海市','450000'),('450600','防城港市','450000'),('450700','钦州市','450000'),('450800','贵港市','450000'),('450900','玉林市','450000'),('451000','百色市','450000'),('451100','贺州市','450000'),('451200','河池市','450000'),('451300','来宾市','450000'),('451400','崇左市','450000'),('460100','海口市','460000'),('460200','三亚市','460000'),('469000','省直辖县级行政单位','460000'),('500100','市辖区','500000'),('500200','县','500000'),('500300','市','500000'),('510100','成都市','510000'),('510300','自贡市','510000'),('510400','攀枝花市','510000'),('510500','泸州市','510000'),('510600','德阳市','510000'),('510700','绵阳市','510000'),('510800','广元市','510000'),('510900','遂宁市','510000'),('511000','内江市','510000'),('511100','乐山市','510000'),('511300','南充市','510000'),('511400','眉山市','510000'),('511500','宜宾市','510000'),('511600','广安市','510000'),('511700','达州市','510000'),('511800','雅安市','510000'),('511900','巴中市','510000'),('512000','资阳市','510000'),('513200','阿坝藏族羌族自治州','510000'),('513300','甘孜藏族自治州','510000'),('513400','凉山彝族自治州','510000'),('520100','贵阳市','520000'),('520200','六盘水市','520000'),('520300','遵义市','520000'),('520400','安顺市','520000'),('522200','铜仁地区','520000'),('522300','黔西南布依族苗族自治州','520000'),('522400','毕节地区','520000'),('522600','黔东南苗族侗族自治州','520000'),('522700','黔南布依族苗族自治州','520000'),('530100','昆明市','530000'),('530300','曲靖市','530000'),('530400','玉溪市','530000'),('530500','保山市','530000'),('530600','昭通市','530000'),('530700','丽江市','530000'),('530800','思茅市','530000'),('530900','临沧市','530000'),('532300','楚雄彝族自治州','530000'),('532500','红河哈尼族彝族自治州','530000'),('532600','文山壮族苗族自治州','530000'),('532800','西双版纳傣族自治州','530000'),('532900','大理白族自治州','530000'),('533100','德宏傣族景颇族自治州','530000'),('533300','怒江傈僳族自治州','530000'),('533400','迪庆藏族自治州','530000'),('540100','拉萨市','540000'),('542100','昌都地区','540000'),('542200','山南地区','540000'),('542300','日喀则地区','540000'),('542400','那曲地区','540000'),('542500','阿里地区','540000'),('542600','林芝地区','540000'),('610100','西安市','610000'),('610200','铜川市','610000'),('610300','宝鸡市','610000'),('610400','咸阳市','610000'),('610500','渭南市','610000'),('610600','延安市','610000'),('610700','汉中市','610000'),('610800','榆林市','610000'),('610900','安康市','610000'),('611000','商洛市','610000'),('620100','兰州市','620000'),('620200','嘉峪关市','620000'),('620300','金昌市','620000'),('620400','白银市','620000'),('620500','天水市','620000'),('620600','武威市','620000'),('620700','张掖市','620000'),('620800','平凉市','620000'),('620900','酒泉市','620000'),('621000','庆阳市','620000'),('621100','定西市','620000'),('621200','陇南市','620000'),('622900','临夏回族自治州','620000'),('623000','甘南藏族自治州','620000'),('630100','西宁市','630000'),('632100','海东地区','630000'),('632200','海北藏族自治州','630000'),('632300','黄南藏族自治州','630000'),('632500','海南藏族自治州','630000'),('632600','果洛藏族自治州','630000'),('632700','玉树藏族自治州','630000'),('632800','海西蒙古族藏族自治州','630000'),('640100','银川市','640000'),('640200','石嘴山市','640000'),('640300','吴忠市','640000'),('640400','固原市','640000'),('640500','中卫市','640000'),('650100','乌鲁木齐市','650000'),('650200','克拉玛依市','650000'),('652100','吐鲁番地区','650000'),('652200','哈密地区','650000'),('652300','昌吉回族自治州','650000'),('652700','博尔塔拉蒙古自治州','650000'),('652800','巴音郭楞蒙古自治州','650000'),('652900','阿克苏地区','650000'),('653000','克孜勒苏柯尔克孜自治州','650000'),('653100','喀什地区','650000'),('653200','和田地区','650000'),('654000','伊犁哈萨克自治州','650000'),('654200','塔城地区','650000'),('654300','阿勒泰地区','650000'),('659000','省直辖行政单位','650000'),('710100','台北市','710000'),('710200','高雄市','710000'),('710300','台南市','710000'),('710400','台中市','710000'),('710500','金门县','710000'),('710600','南投县','710000'),('710700','基隆市','710000'),('710800','新竹市','710000'),('710900','嘉义市','710000'),('711100','新北市','710000'),('711200','宜兰县','710000'),('711300','新竹县','710000'),('711400','桃园县','710000'),('711500','苗栗县','710000'),('711600','彰化县','710000'),('711700','嘉义县','710000'),('711800','云林县','710000'),('711900','屏东县','710000'),('712000','台东县','710000'),('712100','花莲县','710000'),('712200','澎湖县','710000'),('712300','连江县','710000'),('811000','香港岛','810000'),('812000','九龙','810000'),('813000','新界','810000'),('821000','澳门半岛','820000'),('822000','离岛','820000');

/*Table structure for table `comment` */

DROP TABLE IF EXISTS `comment`;

CREATE TABLE `comment` (
  `id` int(11) NOT NULL AUTO_INCREMENT COMMENT '评论表id',
  `userid` int(11) DEFAULT NULL COMMENT '评论用户id',
  `blogid` int(11) DEFAULT NULL COMMENT '评论的博文id',
  `content` varchar(100) DEFAULT NULL COMMENT '评论内容',
  `create_time` timestamp NOT NULL DEFAULT CURRENT_TIMESTAMP ON UPDATE CURRENT_TIMESTAMP COMMENT '评论时间',
  PRIMARY KEY (`id`)
) ENGINE=InnoDB AUTO_INCREMENT=11 DEFAULT CHARSET=utf8;

/*Data for the table `comment` */

insert  into `comment`(`id`,`userid`,`blogid`,`content`,`create_time`) values (1,1,1,'不错','2018-08-30 10:17:39'),(2,1,1,'真心不错','2018-08-30 10:18:04'),(3,1,2,'给力','2018-08-31 16:12:44'),(4,1,1,'','2018-08-31 16:39:45'),(5,1,1,'','2018-08-31 16:42:03'),(6,1,1,'对方答复','2018-08-31 16:44:18'),(7,1,1,'第十六条','2018-08-31 16:56:20'),(8,1,28,'1','2018-08-31 21:23:28'),(9,1,3,'haixing ','2018-09-01 16:10:11'),(10,1,26,'不错','2018-09-01 16:28:50');

/*Table structure for table `province` */

DROP TABLE IF EXISTS `province`;

CREATE TABLE `province` (
  `id` varchar(20) DEFAULT NULL COMMENT '省编码',
  `NAME` varchar(50) NOT NULL COMMENT '省名称'
) ENGINE=InnoDB DEFAULT CHARSET=utf8;

/*Data for the table `province` */

insert  into `province`(`id`,`NAME`) values ('110000','北京市'),('120000','天津市'),('130000','河北省'),('140000','山西省'),('150000','内蒙古自治区'),('210000','辽宁省'),('220000','吉林省'),('230000','黑龙江省'),('310000','上海市'),('320000','江苏省'),('330000','浙江省'),('340000','安徽省'),('350000','福建省'),('360000','江西省'),('370000','山东省'),('410000','河南省'),('420000','湖北省'),('430000','湖南省'),('440000','广东省'),('450000','广西壮族自治区'),('460000','海南省'),('500000','重庆市'),('510000','四川省'),('520000','贵州省'),('530000','云南省'),('540000','西藏自治区'),('610000','陕西省'),('620000','甘肃省'),('630000','青海省'),('640000','宁夏回族自治区'),('650000','新疆维吾尔自治区'),('710000','台湾省'),('810000','香港特别行政区'),('820000','澳门特别行政区');

/*Table structure for table `user` */

DROP TABLE IF EXISTS `user`;

CREATE TABLE `user` (
  `id` int(11) NOT NULL AUTO_INCREMENT COMMENT '用户id',
  `username` varchar(30) DEFAULT NULL COMMENT '用户名',
  `password` varchar(30) DEFAULT NULL COMMENT '用户密码',
  `telephone` varchar(11) DEFAULT NULL COMMENT '用户手机号',
  `likes` varchar(30) DEFAULT NULL COMMENT '用户喜欢的博客类型',
  `province_id` varchar(10) DEFAULT NULL COMMENT '用户地址-省',
  `city_id` varchar(10) DEFAULT NULL COMMENT '用户地址市',
  `create_time` timestamp NOT NULL DEFAULT CURRENT_TIMESTAMP ON UPDATE CURRENT_TIMESTAMP COMMENT '用户创建时间',
  PRIMARY KEY (`id`)
) ENGINE=InnoDB AUTO_INCREMENT=3 DEFAULT CHARSET=utf8;

/*Data for the table `user` */

insert  into `user`(`id`,`username`,`password`,`telephone`,`likes`,`province_id`,`city_id`,`create_time`) values (1,'cgq','123','187','1,2,3','110100','120011','2018-08-30 21:49:23'),(2,'fj','111111','18720909812',NULL,NULL,NULL,'2018-09-01 00:27:50');

/*Table structure for table `user_type` */

DROP TABLE IF EXISTS `user_type`;

CREATE TABLE `user_type` (
  `id` int(11) NOT NULL AUTO_INCREMENT COMMENT '自定义分类id',
  `userid` int(11) DEFAULT NULL COMMENT '创建分类的用户id',
  `name` varchar(50) DEFAULT NULL COMMENT '分类名称',
  PRIMARY KEY (`id`)
) ENGINE=InnoDB AUTO_INCREMENT=23 DEFAULT CHARSET=utf8;

/*Data for the table `user_type` */

insert  into `user_type`(`id`,`userid`,`name`) values (1,1,'我想看的1'),(3,1,'我喜欢的'),(4,1,'技术博客'),(5,1,'java'),(6,1,'go语言'),(9,0,'111'),(22,1,'c语言');

/*!40101 SET SQL_MODE=@OLD_SQL_MODE */;
/*!40014 SET FOREIGN_KEY_CHECKS=@OLD_FOREIGN_KEY_CHECKS */;
/*!40014 SET UNIQUE_CHECKS=@OLD_UNIQUE_CHECKS */;
/*!40111 SET SQL_NOTES=@OLD_SQL_NOTES */;
